Workbook
Name Slicer_Candidate_Source: #N/A
Name Slicer_Department: #N/A
Name Slicer_Hire_Status: #N/A
Name Slicer_Offer_Status: #N/A

Sheet Recruitment
A1: Position ID | B1: Department | C1: Level/Band | D1: Designation Vacancy | E1: Position Requisition Date | F1: Vacancy approval date | G1: Job advert open date | H1: Job advert closing date | I1: Shortlisted Status | J1: Interview date | K1: Hire Status | L1: Date job offer | M1: Offer Status | N1: Reporting date | O1: Date of induction/onboarding | P1: Hired | Q1: Date e-file opened | R1: Date of inclusion to benefits | S1: Date of File Closure | T1: Candidate ID | U1: Candidate Name | V1: Candidate Source | W1: Probation (Months) | X1: Application Date | Y1: Time between Application and Interview | Z1: Time to Hire | AA1: Time to Publish Advert | AB1: Open Days | AC1: Time between Onboarding and File Opening | AD1: Time between Interview and Candidate Reporting | AE1: Time to Approve Requisition | AF1: Time to Close Employee File | AG1: Time of Inclusion to Benefits | AH1: End of Probation Date
A2: 524 | B2: Risk Management | C2: Associate | D2: Analyst | E2: 44605 | G2: 44611 | H2: 44616 | I2: Yes | J2: 44617 | K2: Decline | L2: 44622 | M2: Declined | N2: 44619 | P2: 0 | T2: C1001 | U2: Candidate_1 | V2: Linkedin | W2: 3 | X2: 44603 | Y2: 14 | Z2: 5 | AA2: 6 | AB2: 5 | AD2: 2 | AH2: =EDATE(Sheet1__2[[#This Row],[Reporting date ]], Sheet1__2[[#This Row],[Probation (Months)]]) -> 44708
A3: 522 | B3: Risk Management | C3: Associate | D3: Analyst | E3: 44609 | F3: 44610 | G3: 44611 | H3: 44620 | I3: Yes | J3: 44613 | K3: Decline | L3: 44618 | M3: Declined | N3: 44614 | P3: 0 | T3: C1002 | U3: Candidate_2 | V3: Job Board | W3: 6 | X3: 44683 | Y3: -70 | Z3: 5 | AA3: 2 | AB3: 9 | AD3: 1 | AE3: 1 | AH3: =EDATE(Sheet1__2[[#This Row],[Reporting date ]], Sheet1__2[[#This Row],[Probation (Months)]]) -> 44795
A4: 401 | B4: Risk Management | C4: Executive | D4: Director | E4: 44613 | F4: 44616 | G4: 44622 | H4: 44645 | I4: Yes | J4: 44626 | K4: Decline | L4: 44630 | M4: Declined | N4: 44627 | P4: 0 | T4: C1004 | U4: Candidate_4 | V4: Referral | W4: 6 | X4: 44615 | Y4: 11 | Z4: 4 | AA4: 9 | AB4: 23 | AD4: 1 | AE4: 3 | AH4: =EDATE(Sheet1__2[[#This Row],[Reporting date ]], Sheet1__2[[#This Row],[Probation (Months)]]) -> 44811
A5: 408 | B5: Risk Management | C5: Junior | D5: Analyst | E5: 44617 | F5: 44620 | G5: 44622 | H5: 44634 | I5: Yes | J5: 44627 | K5: Decline | L5: 44634 | M5: Declined | N5: 44631 | P5: 0 | T5: C1007 | U5: Candidate_7 | V5: Job Board | W5: 3 | X5: 44609 | Y5: 18 | Z5: 7 | AA5: 5 | AB5: 12 | AD5: 4 | AE5: 3 | AH5: =EDATE(Sheet1__2[[#This Row],[Reporting date ]], Sheet1__2[[#This Row],[Probation (Months)]]) -> 44723
A6: 405 | B6: Risk Management | C6: Executive | D6: Director | E6: 44617 | G6: 44622 | H6: 44650 | I6: Yes | J6: 44625 | K6: Accepted | L6: 44627 | M6: Accepted | N6: 44626 | O6: 44628 | P6: 1 | Q6: 44631 | R6: 44636 | S6: 44648 | T6: C1009 | U6: Candidate_9 | V6: Linkedin | W6: 6 | X6: 44607 | Y6: 18 | Z6: 2 | AA6: 5 | AB6: 28 | AC6: 3 | AD6: 1 | AF6: 17 | AG6: 10 | AH6: =EDATE(Sheet1__2[[#This Row],[Reporting date ]], Sheet1__2[[#This Row],[Probation (Months)]]) -> 44810
A7: 410 | B7: Risk Management | C7: Associate | D7: Supervisor | E7: 44618 | F7: 44620 | G7: 44622 | H7: 44651 | I7: Yes | J7: 44624 | K7: Decline | L7: 44628 | M7: Declined | N7: 44625 | P7: 0 | T7: C1010 | U7: Candidate_10 | V7: Job Board | W7: 6 | X7: 44605 | Y7: 19 | Z7: 4 | AA7: 4 | AB7: 29 | AD7: 1 | AE7: 2 | AH7: =EDATE(Sheet1__2[[#This Row],[Reporting date ]], Sheet1__2[[#This Row],[Probation (Months)]]) -> 44809
A8: 211 | B8: Risk Management | C8: Junior | D8: Analyst | E8: 44657 | F8: 44661 | G8: 44666 | H8: 44682 | I8: Yes | J8: 44682 | K8: Accepted | L8: 44688 | M8: Accepted | N8: 44685 | O8: 44692 | P8: 1 | Q8: 44694 | R8: 44698 | S8: 44714 | T8: C1011 | U8: Candidate_11 | V8: Linkedin | W8: 6 | X8: 44675 | Y8: 7 | Z8: 6 | AA8: 9 | AB8: 16 | AC8: 2 | AD8: 3 | AE8: 4 | AF8: 20 | AG8: 13 | AH8: =EDATE(Sheet1__2[[#This Row],[Reporting date ]], Sheet1__2[[#This Row],[Probation (Months)]]) -> 44869
A9: 219 | B9: Risk Management | C9: Associate | D9: Supervisor | E9: 44657 | F9: 44660 | G9: 44666 | H9: 44684 | I9: Yes | J9: 44675 | K9: Decline | L9: 44681 | M9: Declined | N9: 44679 | P9: 0 | T9: C1012 | U9: Candidate_12 | V9: Job Board | W9: 3 | X9: 44669 | Y9: 6 | Z9: 6 | AA9: 9 | AB9: 18 | AD9: 4 | AE9: 3 | AH9: =EDATE(Sheet1__2[[#This Row],[Reporting date ]], Sheet1__2[[#This Row],[Probation (Months)]]) -> 44770
A10: 338 | B10: Risk Management | C10: Associate | D10: Supervisor | E10: 44720 | F10: 44722 | H10: 44739 | I10: Yes | J10: 44729 | K10: Decline | L10: 44732 | M10: Declined | N10: 44731 | P10: 0 | T10: C1017 | U10: Candidate_17 | V10: Job Board | W10: 3 | X10: 44687 | Y10: 42 | Z10: 3 | AD10: 2 | AE10: 2 | AH10: =EDATE(Sheet1__2[[#This Row],[Reporting date ]], Sheet1__2[[#This Row],[Probation (Months)]]) -> 44823
A11: 335 | B11: Risk Management | C11: Executive | D11: Director | E11: 44723 | F11: 44724 | G11: 44725 | H11: 44748 | I11: Yes | J11: 44729 | K11: Decline | L11: 44734 | M11: Declined | N11: 44731 | P11: 0 | T11: C1018 | U11: Candidate_18 | V11: Referral | W11: 3 | X11: 44710 | Y11: 19 | Z11: 5 | AA11: 2 | AB11: 23 | AD11: 2 | AE11: 1 | AH11: =EDATE(Sheet1__2[[#This Row],[Reporting date ]], Sheet1__2[[#This Row],[Probation (Months)]]) -> 44823
A12: 33 | B12: Risk Management | C12: Executive | D12: Head of Department | E12: 44773 | F12: 44776 | G12: 44778 | H12: 44799 | I12: Yes | J12: 44788 | K12: Decline | L12: 44795 | M12: Declined | N12: 44791 | P12: 0 | T12: C1020 | U12: Candidate_20 | V12: Referral | W12: 3 | X12: 44778 | Y12: 10 | Z12: 7 | AA12: 5 | AB12: 21 | AD12: 3 | AE12: 3 | AH12: =EDATE(Sheet1__2[[#This Row],[Reporting date ]], Sheet1__2[[#This Row],[Probation (Months)]]) -> 44883
A13: 34 | B13: Risk Management | C13: Executive | D13: Head of Department | E13: 44774 | F13: 44777 | G13: 44778 | H13: 44786 | I13: Yes | J13: 44792 | K13: Decline | L13: 44797 | M13: Declined | N13: 44793 | P13: 0 | T13: C1021 | U13: Candidate_21 | V13: Referral | W13: 6 | X13: 44784 | Y13: 8 | Z13: 5 | AA13: 4 | AB13: 8 | AD13: 1 | AE13: 3 | AH13: =EDATE(Sheet1__2[[#This Row],[Reporting date ]], Sheet1__2[[#This Row],[Probation (Months)]]) -> 44977
A14: 32 | B14: Risk Management | C14: Executive | D14: Head of Department | E14: 44774 | F14: 44777 | G14: 44778 | H14: 44786 | I14: Yes | J14: 44787 | K14: Accepted | L14: 44795 | M14: Accepted | N14: 44791 | O14: 44800 | P14: 1 | Q14: 44803 | R14: 44807 | S14: 44825 | T14: C1022 | U14: Candidate_22 | V14: Referral | W14: 3 | X14: 44775 | Y14: 12 | Z14: 8 | AA14: 4 | AB14: 8 | AC14: 3 | AD14: 4 | AE14: 3 | AF14: 22 | AG14: 16 | AH14: =EDATE(Sheet1__2[[#This Row],[Reporting date ]], Sheet1__2[[#This Row],[Probation (Months)]]) -> 44883
A15: 518 | B15: Risk Management | C15: Associate | D15: Analyst | E15: 44846 | F15: 44850 | G15: 44856 | H15: 44875 | I15: Yes | J15: 44871 | K15: Decline | L15: 44875 | M15: Declined | N15: 44874 | P15: 0 | T15: C1024 | U15: Candidate_24 | V15: Referral | W15: 3 | X15: 44852 | Y15: 19 | Z15: 4 | AA15: 10 | AB15: 19 | AD15: 3 | AE15: 4 | AH15: =EDATE(Sheet1__2[[#This Row],[Reporting date ]], Sheet1__2[[#This Row],[Probation (Months)]]) -> 44966
A16: 519 | B16: Risk Management | C16: Junior | D16: Analyst | E16: 44850 | F16: 44854 | G16: 44856 | H16: 44870 | I16: Yes | J16: 44866 | K16: Decline | L16: 44871 | M16: Declined | N16: 44870 | P16: 0 | T16: C1026 | U16: Candidate_26 | V16: Linkedin | W16: 6 | X16: 44858 | Y16: 8 | Z16: 5 | AA16: 6 | AB16: 14 | AD16: 4 | AE16: 4 | AH16: =EDATE(Sheet1__2[[#This Row],[Reporting date ]], Sheet1__2[[#This Row],[Probation (Months)]]) -> 45051
A17: 512 | B17: Risk Management | C17: Junior | D17: Analyst | E17: 44851 | F17: 44854 | G17: 44856 | H17: 44876 | I17: Yes | J17: 44869 | K17: Decline | L17: 44874 | M17: Declined | N17: 44870 | P17: 0 | T17: C1027 | U17: Candidate_27 | V17: Referral | W17: 3 | X17: 44863 | Y17: 6 | Z17: 5 | AA17: 5 | AB17: 20 | AD17: 1 | AE17: 3 | AH17: =EDATE(Sheet1__2[[#This Row],[Reporting date ]], Sheet1__2[[#This Row],[Probation (Months)]]) -> 44962
A18: 515 | B18: Risk Management | C18: Associate | D18: Analyst | E18: 44852 | F18: 44854 | G18: 44856 | H18: 44876 | I18: Yes | J18: 44871 | K18: Accepted | L18: 44877 | M18: Accepted | N18: 44874 | O18: 44875 | P18: 1 | Q18: 44878 | R18: 44883 | S18: 44901 | T18: C1028 | U18: Candidate_28 | V18: Referral | W18: 3 | X18: 44856 | Y18: 15 | Z18: 6 | AA18: 4 | AB18: 20 | AC18: 3 | AD18: 3 | AE18: 2 | AF18: 23 | AG18: 9 | AH18: =EDATE(Sheet1__2[[#This Row],[Reporting date ]], Sheet1__2[[#This Row],[Probation (Months)]]) -> 44966
A19: 449 | B19: Risk Management | C19: Junior | D19: Analyst | E19: 44889 | F19: 44893 | G19: 44895 | H19: 44910 | I19: Yes | J19: 44910 | K19: Accepted | L19: 44912 | M19: Accepted | N19: 44911 | O19: 44920 | P19: 1 | Q19: 44923 | R19: 44926 | S19: 44941 | T19: C1030 | U19: Candidate_30 | V19: Job Board | W19: 6 | X19: 44903 | Y19: 7 | Z19: 2 | AA19: 6 | AB19: 15 | AC19: 3 | AD19: 1 | AE19: 4 | AF19: 18 | AG19: 15 | AH19: =EDATE(Sheet1__2[[#This Row],[Reporting date ]], Sheet1__2[[#This Row],[Probation (Months)]]) -> 45093
A20: 462 | B20: Risk Management | C20: Associate | D20: Analyst | E20: 44969 | F20: 44973 | G20: 44979 | H20: 44998 | I20: Yes | J20: 44996 | K20: Accepted | L20: 45001 | M20: Accepted | N20: 45000 | O20: 45004 | P20: 1 | Q20: 45005 | R20: 45010 | S20: 45028 | T20: C1032 | U20: Candidate_32 | V20: Referral | W20: 3 | X20: 44981 | Y20: 15 | Z20: 5 | AA20: 10 | AB20: 19 | AC20: 1 | AD20: 4 | AE20: 4 | AF20: 23 | AG20: 10 | AH20: =EDATE(Sheet1__2[[#This Row],[Reporting date ]], Sheet1__2[[#This Row],[Probation (Months)]]) -> 45092
A21: 470 | B21: Risk Management | C21: Executive | D21: Director | E21: 44975 | F21: 44978 | G21: 44979 | H21: 44999 | I21: Yes | J21: 44994 | K21: Decline | L21: 45000 | M21: Declined | N21: 44996 | P21: 0 | T21: C1037 | U21: Candidate_37 | V21: Referral | W21: 3 | X21: 44978 | Y21: 16 | Z21: 6 | AA21: 4 | AB21: 20 | AD21: 2 | AE21: 3 | AH21: =EDATE(Sheet1__2[[#This Row],[Reporting date ]], Sheet1__2[[#This Row],[Probation (Months)]]) -> 45088
A22: 496 | B22: Program Office | C22: Senior Management | D22: Senior Supervisory Manager | E22: 45167 | F22: 45170 | H22: 45180 | I22: Yes | J22: 45188 | K22: Decline | L22: 45196 | M22: Declined | N22: 45192 | P22: 0 | T22: C1068 | U22: Candidate_68 | V22: Referral | W22: 6 | X22: 45182 | Y22: 6 | Z22: 8 | AD22: 4 | AE22: 3 | AH22: =EDATE(Sheet1__2[[#This Row],[Reporting date ]], Sheet1__2[[#This Row],[Probation (Months)]]) -> 45374
A23: 486 | B23: Program Office | C23: Senior Management | D23: Senior Supervisory Manager | E23: 44936 | F23: 44937 | G23: 44938 | H23: 44944 | I23: Yes | J23: 44956 | K23: Decline | L23: 44960 | M23: Declined | N23: 44959 | P23: 0 | T23: C1069 | U23: Candidate_69 | V23: Linkedin | W23: 6 | X23: 44942 | Y23: 14 | Z23: 4 | AA23: 2 | AB23: 6 | AD23: 3 | AE23: 1 | AH23: =EDATE(Sheet1__2[[#This Row],[Reporting date ]], Sheet1__2[[#This Row],[Probation (Months)]]) -> 45140
A24: 481 | B24: Program Office | C24: Senior Management | D24: Senior Supervisory Manager | E24: 44930 | F24: 44934 | G24: 44938 | H24: 44951 | I24: Yes | J24: 44945 | K24: Accepted | L24: 44951 | M24: Accepted | N24: 44949 | O24: 44957 | P24: 1 | Q24: 44958 | R24: 44961 | S24: 44970 | T24: C1070 | U24: Candidate_70 | V24: Referral | W24: 6 | X24: 44933 | Y24: 12 | Z24: 6 | AA24: 8 | AB24: 13 | AC24: 1 | AD24: 4 | AE24: 4 | AF24: 12 | AG24: 12 | AH24: =EDATE(Sheet1__2[[#This Row],[Reporting date ]], Sheet1__2[[#This Row],[Probation (Months)]]) -> 45130
A25: 138 | B25: Program Office | C25: Senior Management | D25: Senior Supervisory Manager | E25: 44764 | F25: 44768 | G25: 44769 | H25: 44791 | I25: Yes | J25: 44774 | K25: Accepted | L25: 44778 | M25: Accepted | N25: 44775 | O25: 44777 | P25: 1 | Q25: 44778 | R25: 44782 | S25: 44801 | T25: C1078 | U25: Candidate_78 | V25: Referral | W25: 6 | X25: 44758 | Y25: 16 | Z25: 4 | AA25: 5 | AB25: 22 | AC25: 1 | AD25: 1 | AE25: 4 | AF25: 23 | AG25: 7 | AH25: =EDATE(Sheet1__2[[#This Row],[Reporting date ]], Sheet1__2[[#This Row],[Probation (Months)]]) -> 44959
A26: 2973 | B26: Program Office | C26: Senior | D26: Analyst | E26: 44757 | F26: 44761 | G26: 44769 | H26: 44776 | I26: Yes | J26: 44773 | K26: Accepted | L26: 44776 | M26: Accepted | N26: 44774 | O26: 44781 | P26: 1 | Q26: 44782 | R26: 44787 | S26: 44801 | T26: C1081 | U26: Candidate_81 | V26: Job Board | W26: 6 | X26: 44762 | Y26: 11 | Z26: 3 | AA26: 12 | AB26: 7 | AC26: 1 | AD26: 1 | AE26: 4 | AF26: 19 | AG26: 13 | AH26: =EDATE(Sheet1__2[[#This Row],[Reporting date ]], Sheet1__2[[#This Row],[Probation (Months)]]) -> 44958
A27: 2867 | B27: Program Office | C27: Senior | D27: Analyst | E27: 44849 | F27: 44853 | G27: 44860 | H27: 44930 | I27: Yes | J27: 44868 | K27: Accepted | L27: 44873 | M27: Accepted | N27: 44869 | O27: 44879 | P27: 1 | Q27: 44883 | R27: 44885 | S27: 44901 | T27: C1088 | U27: Candidate_88 | V27: Linkedin | W27: 6 | X27: 44855 | Y27: 13 | Z27: 5 | AA27: 11 | AB27: 70 | AC27: 4 | AD27: 1 | AE27: 4 | AF27: 18 | AG27: 16 | AH27: =EDATE(Sheet1__2[[#This Row],[Reporting date ]], Sheet1__2[[#This Row],[Probation (Months)]]) -> 45050
A28: 2851 | B28: Program Office | C28: Senior | D28: Analyst | E28: 45038 | F28: 45040 | G28: 45041 | H28: 45111 | I28: Yes | J28: 45056 | K28: Accepted | L28: 45058 | M28: Accepted | N28: 45057 | O28: 45067 | P28: 1 | Q28: 45071 | R28: 45073 | S28: 45091 | T28: C1092 | U28: Candidate_92 | V28: Linkedin | W28: 6 | X28: 45046 | Y28: 10 | Z28: 2 | AA28: 3 | AB28: 70 | AC28: 4 | AD28: 1 | AE28: 2 | AF28: 20 | AG28: 16 | AH28: =EDATE(Sheet1__2[[#This Row],[Reporting date ]], Sheet1__2[[#This Row],[Probation (Months)]]) -> 45241
A29: 2788 | B29: Program Office | C29: Senior | D29: Analyst | E29: 45104 | G29: 45110 | H29: 45126 | I29: Yes | J29: 45116 | K29: Decline | L29: 45123 | M29: Declined | N29: 45119 | P29: 0 | T29: C1095 | U29: Candidate_95 | V29: Linkedin | W29: 3 | X29: 45105 | Y29: 11 | Z29: 7 | AA29: 6 | AB29: 16 | AD29: 3 | AH29: =EDATE(Sheet1__2[[#This Row],[Reporting date ]], Sheet1__2[[#This Row],[Probation (Months)]]) -> 45211
A30: 2557 | B30: Program Office | C30: Senior | D30: Analyst | E30: 45144 | F30: 45145 | G30: 45148 | H30: 45167 | I30: Yes | J30: 45152 | K30: Accepted | L30: 45157 | M30: Accepted | N30: 45153 | O30: 45158 | P30: 1 | Q30: 45159 | R30: 45162 | S30: 45181 | T30: C1099 | U30: Candidate_99 | V30: Job Board | W30: 3 | X30: 45143 | Y30: 9 | Z30: 5 | AA30: 4 | AB30: 19 | AC30: 1 | AD30: 1 | AE30: 1 | AF30: 22 | AG30: 9 | AH30: =EDATE(Sheet1__2[[#This Row],[Reporting date ]], Sheet1__2[[#This Row],[Probation (Months)]]) -> 45245
A31: 2406 | B31: Program Office | C31: Senior | D31: Analyst | E31: 45014 | G31: 45022 | H31: 45048 | I31: Yes | J31: 45033 | K31: Decline | L31: 45037 | M31: Declined | N31: 45034 | P31: 0 | T31: C1102 | U31: Candidate_102 | V31: Linkedin | W31: 6 | X31: 45014 | Y31: 19 | Z31: 4 | AA31: 8 | AB31: 26 | AD31: 1 | AH31: =EDATE(Sheet1__2[[#This Row],[Reporting date ]], Sheet1__2[[#This Row],[Probation (Months)]]) -> 45217
A32: 2401 | B32: Program Office | C32: Senior | D32: Analyst | E32: 45016 | F32: 45019 | H32: 45050 | I32: Yes | J32: 45027 | K32: Decline | L32: 45034 | M32: Declined | N32: 45031 | P32: 0 | T32: C1103 | U32: Candidate_103 | V32: Linkedin | W32: 3 | X32: 45011 | Y32: 16 | Z32: 7 | AD32: 4 | AE32: 3 | AH32: =EDATE(Sheet1__2[[#This Row],[Reporting date ]], Sheet1__2[[#This Row],[Probation (Months)]]) -> 45122
A33: 2383 | B33: Program Office | C33: Senior | D33: Analyst | E33: 45031 | F33: 45034 | G33: 45036 | H33: 45055 | I33: Yes | J33: 45050 | K33: Accepted | L33: 45054 | M33: Accepted | N33: 45051 | O33: 45056 | P33: 1 | Q33: 45059 | R33: 45062 | S33: 45081 | T33: C1105 | U33: Candidate_105 | V33: Linkedin | W33: 3 | X33: 45034 | Y33: 16 | Z33: 4 | AA33: 5 | AB33: 19 | AC33: 3 | AD33: 1 | AE33: 3 | AF33: 22 | AG33: 11 | AH33: =EDATE(Sheet1__2[[#This Row],[Reporting date ]], Sheet1__2[[#This Row],[Probation (Months)]]) -> 45143
A34: 2313 | B34: Program Office | C34: Senior | D34: Analyst | E34: 44670 | F34: 44673 | G34: 44677 | H34: 44703 | I34: Yes | J34: 44688 | K34: Pending | L34: 44691 | M34: Pending | N34: 44689 | P34: 0 | T34: C1108 | U34: Candidate_108 | V34: Referral | W34: 3 | X34: 44678 | Y34: 10 | Z34: 3 | AA34: 7 | AB34: 26 | AD34: 1 | AE34: 3 | AH34: =EDATE(Sheet1__2[[#This Row],[Reporting date ]], Sheet1__2[[#This Row],[Probation (Months)]]) -> 44781
A35: 2263 | B35: Program Office | C35: Senior | D35: Analyst | E35: 45030 | G35: 45036 | H35: 45061 | I35: Yes | J35: 45053 | K35: Decline | L35: 45059 | M35: Declined | N35: 45056 | P35: 0 | T35: C1110 | U35: Candidate_110 | V35: Linkedin | W35: 3 | X35: 45040 | Y35: 13 | Z35: 6 | AA35: 6 | AB35: 25 | AD35: 3 | AH35: =EDATE(Sheet1__2[[#This Row],[Reporting date ]], Sheet1__2[[#This Row],[Probation (Months)]]) -> 45148
A36: 2200 | B36: Program Office | C36: Senior | D36: Analyst | E36: 44803 | G36: 44807 | H36: 44812 | I36: Yes | J36: 44822 | K36: Pending | L36: 44830 | M36: Pending | N36: 44826 | P36: 0 | T36: C1114 | U36: Candidate_114 | V36: Linkedin | W36: 3 | X36: 44805 | Y36: 17 | Z36: 8 | AA36: 4 | AB36: 5 | AD36: 4 | AH36: =EDATE(Sheet1__2[[#This Row],[Reporting date ]], Sheet1__2[[#This Row],[Probation (Months)]]) -> 44917
A37: 2197 | B37: Program Office | C37: Senior | D37: Analyst | E37: 44800 | F37: 44801 | G37: 44807 | H37: 44816 | I37: Yes | J37: 44822 | K37: Accepted | L37: 44827 | M37: Accepted | N37: 44826 | O37: 44828 | P37: 1 | Q37: 44829 | R37: 44835 | S37: 44854 | T37: C1115 | U37: Candidate_115 | V37: Referral | W37: 3 | X37: 44815 | Y37: 7 | Z37: 5 | AA37: 7 | AB37: 9 | AC37: 1 | AD37: 4 | AE37: 1 | AF37: 25 | AG37: 9 | AH37: =EDATE(Sheet1__2[[#This Row],[Reporting date ]], Sheet1__2[[#This Row],[Probation (Months)]]) -> 44917
A38: 2191 | B38: Program Office | C38: Senior | D38: Analyst | E38: 44800 | F38: 44803 | G38: 44807 | H38: 44821 | I38: Yes | J38: 44821 | K38: Pending | L38: 44825 | M38: Pending | N38: 44824 | P38: 0 | T38: C1116 | U38: Candidate_116 | V38: Referral | W38: 6 | X38: 44809 | Y38: 12 | Z38: 4 | AA38: 7 | AB38: 14 | AD38: 3 | AE38: 3 | AH38: =EDATE(Sheet1__2[[#This Row],[Reporting date ]], Sheet1__2[[#This Row],[Probation (Months)]]) -> 45005
A39: 2069 | B39: Program Office | C39: Senior | D39: Analyst | E39: 44867 | F39: 44869 | G39: 44873 | H39: 44903 | I39: Yes | J39: 44887 | K39: Accepted | L39: 44892 | M39: Accepted | N39: 44890 | O39: 44895 | P39: 1 | Q39: 44899 | R39: 44902 | S39: 44917 | T39: C1119 | U39: Candidate_119 | V39: Job Board | W39: 6 | X39: 44878 | Y39: 9 | Z39: 5 | AA39: 6 | AB39: 30 | AC39: 4 | AD39: 3 | AE39: 2 | AF39: 18 | AG39: 12 | AH39: =EDATE(Sheet1__2[[#This Row],[Reporting date ]], Sheet1__2[[#This Row],[Probation (Months)]]) -> 45071
A40: 2068 | B40: Program Office | C40: Senior | D40: Analyst | E40: 44870 | F40: 44872 | G40: 44873 | H40: 44902 | I40: Yes | J40: 44877 | K40: Accepted | L40: 44882 | M40: Accepted | N40: 44880 | O40: 44886 | P40: 1 | Q40: 44889 | R40: 44894 | S40: 44904 | T40: C1120 | U40: Candidate_120 | V40: Linkedin | W40: 6 | X40: 44872 | Y40: 5 | Z40: 5 | AA40: 3 | AB40: 29 | AC40: 3 | AD40: 3 | AE40: 2 | AF40: 15 | AG40: 14 | AH40: =EDATE(Sheet1__2[[#This Row],[Reporting date ]], Sheet1__2[[#This Row],[Probation (Months)]]) -> 45061
A41: 1986 | B41: Program Office | C41: Senior | D41: Analyst | E41: 44595 | F41: 44597 | G41: 44601 | H41: 44622 | I41: Yes | J41: 44614 | K41: Decline | L41: 44621 | M41: Declined | N41: 44617 | P41: 0 | T41: C1123 | U41: Candidate_123 | V41: Job Board | W41: 6 | X41: 44607 | Y41: 7 | Z41: 7 | AA41: 6 | AB41: 21 | AD41: 3 | AE41: 2 | AH41: =EDATE(Sheet1__2[[#This Row],[Reporting date ]], Sheet1__2[[#This Row],[Probation (Months)]]) -> 44798
A42: 1984 | B42: Program Office | C42: Senior | D42: Analyst | E42: 44594 | F42: 44596 | H42: 44619 | I42: Yes | J42: 44609 | K42: Decline | L42: 44614 | M42: Declined | N42: 44612 | P42: 0 | T42: C1124 | U42: Candidate_124 | V42: Referral | W42: 3 | X42: 44592 | Y42: 17 | Z42: 5 | AD42: 3 | AE42: 2 | AH42: =EDATE(Sheet1__2[[#This Row],[Reporting date ]], Sheet1__2[[#This Row],[Probation (Months)]]) -> 44701
A43: 1977 | B43: Program Office | C43: Senior | D43: Analyst | E43: 44854 | F43: 44857 | G43: 44860 | H43: 44869 | I43: Yes | J43: 44866 | K43: Decline | L43: 44872 | M43: Declined | N43: 44868 | P43: 0 | T43: C1126 | U43: Candidate_126 | V43: Linkedin | W43: 3 | X43: 44859 | Y43: 7 | Z43: 6 | AA43: 6 | AB43: 9 | AD43: 2 | AE43: 3 | AH43: =EDATE(Sheet1__2[[#This Row],[Reporting date ]], Sheet1__2[[#This Row],[Probation (Months)]]) -> 44960
A44: 1975 | B44: Program Office | C44: Senior | D44: Analyst | E44: 44851 | F44: 44854 | H44: 44890 | I44: Yes | J44: 44866 | K44: Pending | L44: 44871 | M44: Pending | N44: 44869 | P44: 0 | T44: C1127 | U44: Candidate_127 | V44: Job Board | W44: 3 | X44: 44848 | Y44: 18 | Z44: 5 | AD44: 3 | AE44: 3 | AH44: =EDATE(Sheet1__2[[#This Row],[Reporting date ]], Sheet1__2[[#This Row],[Probation (Months)]]) -> 44961
A45: 1970 | B45: Program Office | C45: Senior | D45: Analyst | E45: 44895 | F45: 44898 | H45: 44915 | I45: Yes | J45: 44906 | K45: Decline | L45: 44912 | M45: Declined | N45: 44910 | P45: 0 | T45: C1128 | U45: Candidate_128 | V45: Referral | W45: 3 | X45: 44891 | Y45: 15 | Z45: 6 | AD45: 4 | AE45: 3 | AH45: =EDATE(Sheet1__2[[#This Row],[Reporting date ]], Sheet1__2[[#This Row],[Probation (Months)]]) -> 45000
A46: 1858 | B46: Program Office | C46: Senior | D46: Analyst | E46: 44874 | F46: 44876 | G46: 44882 | H46: 44898 | I46: Yes | J46: 44894 | K46: Decline | L46: 44901 | M46: Declined | N46: 44898 | P46: 0 | T46: C1131 | U46: Candidate_131 | V46: Job Board | W46: 6 | X46: 44887 | Y46: 7 | Z46: 7 | AA46: 8 | AB46: 16 | AD46: 4 | AE46: 2 | AH46: =EDATE(Sheet1__2[[#This Row],[Reporting date ]], Sheet1__2[[#This Row],[Probation (Months)]]) -> 45080
A47: 1442 | B47: Program Office | C47: Senior | D47: Analyst | E47: 45013 | F47: 45014 | G47: 45019 | H47: 45027 | I47: Yes | J47: 45029 | K47: Accepted | L47: 45033 | M47: Accepted | N47: 45032 | O47: 45039 | P47: 1 | Q47: 45043 | R47: 45048 | S47: 45061 | T47: C1134 | U47: Candidate_134 | V47: Job Board | W47: 3 | X47: 45012 | Y47: 17 | Z47: 4 | AA47: 6 | AB47: 8 | AC47: 4 | AD47: 3 | AE47: 1 | AF47: 18 | AG47: 16 | AH47: =EDATE(Sheet1__2[[#This Row],[Reporting date ]], Sheet1__2[[#This Row],[Probation (Months)]]) -> 45123
A48: 1441 | B48: Program Office | C48: Senior | D48: Analyst | E48: 45015 | F48: 45018 | G48: 45019 | H48: 45049 | I48: Yes | J48: 45035 | K48: Accepted | L48: 45040 | M48: Accepted | N48: 45038 | O48: 45044 | P48: 1 | Q48: 45047 | R48: 45052 | S48: 45067 | T48: C1135 | U48: Candidate_135 | V48: Linkedin | W48: 6 | X48: 45017 | Y48: 18 | Z48: 5 | AA48: 4 | AB48: 30 | AC48: 3 | AD48: 3 | AE48: 3 | AF48: 20 | AG48: 14 | AH48: =EDATE(Sheet1__2[[#This Row],[Reporting date ]], Sheet1__2[[#This Row],[Probation (Months)]]) -> 45221
A49: 1402 | B49: Program Office | C49: Senior | D49: Analyst | E49: 44616 | F49: 44618 | G49: 44619 | H49: 44643 | I49: Yes | J49: 44629 | K49: Accepted | L49: 44633 | M49: Accepted | N49: 44632 | O49: 44634 | P49: 1 | Q49: 44636 | R49: 44641 | S49: 44660 | T49: C1140 | U49: Candidate_140 | V49: Referral | W49: 6 | X49: 44619 | Y49: 10 | Z49: 4 | AA49: 3 | AB49: 24 | AC49: 2 | AD49: 3 | AE49: 2 | AF49: 24 | AG49: 9 | AH49: =EDATE(Sheet1__2[[#This Row],[Reporting date ]], Sheet1__2[[#This Row],[Probation (Months)]]) -> 44816
A50: 1383 | B50: Program Office | C50: Senior | D50: Analyst | E50: 45040 | F50: 45041 | G50: 45046 | H50: 45069 | I50: Yes | J50: 45060 | K50: Accepted | L50: 45064 | M50: Accepted | N50: 45063 | O50: 45065 | P50: 1 | Q50: 45067 | R50: 45072 | S50: 45089 | T50: C1141 | U50: Candidate_141 | V50: Job Board | W50: 6 | X50: 45082 | Y50: -22 | Z50: 4 | AA50: 6 | AB50: 23 | AC50: 2 | AD50: 3 | AE50: 1 | AF50: 22 | AG50: 9 | AH50: =EDATE(Sheet1__2[[#This Row],[Reporting date ]], Sheet1__2[[#This Row],[Probation (Months)]]) -> 45247
A51: 1330 | B51: Program Office | C51: Senior | D51: Analyst | E51: 45157 | G51: 45166 | H51: 45196 | I51: Yes | J51: 45179 | K51: Pending | L51: 45181 | M51: Pending | N51: 45180 | P51: 0 | T51: C1142 | U51: Candidate_142 | V51: Linkedin | W51: 6 | X51: 45163 | Y51: 16 | Z51: 2 | AA51: 9 | AB51: 30 | AD51: 1 | AH51: =EDATE(Sheet1__2[[#This Row],[Reporting date ]], Sheet1__2[[#This Row],[Probation (Months)]]) -> 45362
A52: 997 | B52: Program Office | C52: Senior | D52: Analyst | E52: 45015 | F52: 45019 | G52: 45020 | H52: 45027 | I52: Yes | J52: 45024 | K52: Accepted | L52: 45030 | M52: Accepted | N52: 45026 | O52: 45035 | P52: 1 | Q52: 45039 | R52: 45044 | S52: 45063 | T52: C1147 | U52: Candidate_147 | V52: Job Board | W52: 3 | X52: 45011 | Y52: 13 | Z52: 6 | AA52: 5 | AB52: 7 | AC52: 4 | AD52: 2 | AE52: 4 | AF52: 24 | AG52: 18 | AH52: =EDATE(Sheet1__2[[#This Row],[Reporting date ]], Sheet1__2[[#This Row],[Probation (Months)]]) -> 45117
A53: 919 | B53: Program Office | C53: Senior | D53: Analyst | E53: 44670 | F53: 44673 | G53: 44676 | H53: 44697 | I53: Yes | J53: 44682 | K53: Accepted | L53: 44689 | M53: Accepted | N53: 44686 | O53: 44687 | P53: 1 | Q53: 44690 | R53: 44694 | S53: 44710 | T53: C1151 | U53: Candidate_151 | V53: Referral | W53: 6 | X53: 44666 | Y53: 16 | Z53: 7 | AA53: 6 | AB53: 21 | AC53: 3 | AD53: 4 | AE53: 3 | AF53: 20 | AG53: 8 | AH53: =EDATE(Sheet1__2[[#This Row],[Reporting date ]], Sheet1__2[[#This Row],[Probation (Months)]]) -> 44870
A54: 836 | B54: Program Office | C54: Senior | D54: Analyst | E54: 44755 | F54: 44759 | G54: 44760 | H54: 44777 | I54: Yes | J54: 44766 | K54: Pending | L54: 44769 | M54: Pending | N54: 44768 | P54: 0 | T54: C1157 | U54: Candidate_157 | V54: Referral | W54: 6 | X54: 44759 | Y54: 7 | Z54: 3 | AA54: 5 | AB54: 17 | AD54: 2 | AE54: 4 | AH54: =EDATE(Sheet1__2[[#This Row],[Reporting date ]], Sheet1__2[[#This Row],[Probation (Months)]]) -> 44952
A55: 825 | B55: Program Office | C55: Senior | D55: Analyst | E55: 44628 | F55: 44629 | G55: 44631 | H55: 44639 | I55: Yes | J55: 44647 | K55: Accepted | L55: 44652 | M55: Accepted | N55: 44650 | O55: 44659 | P55: 1 | Q55: 44662 | R55: 44665 | S55: 44679 | T55: C1159 | U55: Candidate_159 | V55: Linkedin | W55: 3 | X55: 44636 | Y55: 11 | Z55: 5 | AA55: 3 | AB55: 8 | AC55: 3 | AD55: 3 | AE55: 1 | AF55: 17 | AG55: 15 | AH55: =EDATE(Sheet1__2[[#This Row],[Reporting date ]], Sheet1__2[[#This Row],[Probation (Months)]]) -> 44742
A56: 793 | B56: Program Office | C56: Senior | D56: Analyst | E56: 44907 | G56: 44912 | H56: 44918 | I56: Yes | J56: 44923 | K56: Pending | L56: 44928 | M56: Pending | N56: 44926 | P56: 0 | T56: C1165 | U56: Candidate_165 | V56: Referral | W56: 3 | X56: 44910 | Y56: 13 | Z56: 5 | AA56: 5 | AB56: 6 | AD56: 3 | AH56: =EDATE(Sheet1__2[[#This Row],[Reporting date ]], Sheet1__2[[#This Row],[Probation (Months)]]) -> 45016
A57: 762 | B57: Program Office | C57: Senior | D57: Analyst | E57: 44728 | F57: 44729 | G57: 44733 | H57: 44758 | I57: Yes | J57: 44744 | K57: Accepted | L57: 44749 | M57: Accepted | N57: 44745 | O57: 44751 | P57: 1 | Q57: 44755 | R57: 44759 | S57: 44778 | T57: C1167 | U57: Candidate_167 | V57: Linkedin | W57: 3 | X57: 44737 | Y57: 7 | Z57: 5 | AA57: 5 | AB57: 25 | AC57: 4 | AD57: 1 | AE57: 1 | AF57: 23 | AG57: 14 | AH57: =EDATE(Sheet1__2[[#This Row],[Reporting date ]], Sheet1__2[[#This Row],[Probation (Months)]]) -> 44837
A58: 729 | B58: Program Office | C58: Senior | D58: Analyst | E58: 44608 | F58: 44610 | G58: 44612 | H58: 44640 | I58: Yes | J58: 44619 | K58: Accepted | L58: 44624 | M58: Accepted | N58: 44621 | O58: 44623 | P58: 1 | Q58: 44624 | R58: 44629 | S58: 44639 | T58: C1168 | U58: Candidate_168 | V58: Referral | W58: 6 | X58: 44611 | Y58: 8 | Z58: 5 | AA58: 4 | AB58: 28 | AC58: 1 | AD58: 2 | AE58: 2 | AF58: 15 | AG58: 8 | AH58: =EDATE(Sheet1__2[[#This Row],[Reporting date ]], Sheet1__2[[#This Row],[Probation (Months)]]) -> 44805
A59: 726 | B59: Program Office | C59: Senior | D59: Analyst | E59: 44603 | F59: 44607 | G59: 44612 | H59: 44631 | I59: Yes | J59: 44616 | K59: Decline | L59: 44620 | M59: Declined | N59: 44618 | P59: 0 | T59: C1169 | U59: Candidate_169 | V59: Job Board | W59: 6 | X59: 44602 | Y59: 14 | Z59: 4 | AA59: 9 | AB59: 19 | AD59: 2 | AE59: 4 | AH59: =EDATE(Sheet1__2[[#This Row],[Reporting date ]], Sheet1__2[[#This Row],[Probation (Months)]]) -> 44799
A60: 711 | B60: Program Office | C60: Senior | D60: Analyst | E60: 44625 | F60: 44629 | G60: 44634 | H60: 44642 | I60: Yes | J60: 44645 | K60: Accepted | L60: 44648 | M60: Accepted | N60: 44646 | O60: 44652 | P60: 1 | Q60: 44653 | R60: 44659 | S60: 44667 | T60: C1171 | U60: Candidate_171 | V60: Job Board | W60: 6 | X60: 44635 | Y60: 10 | Z60: 3 | AA60: 9 | AB60: 8 | AC60: 1 | AD60: 1 | AE60: 4 | AF60: 14 | AG60: 13 | AH60: =EDATE(Sheet1__2[[#This Row],[Reporting date ]], Sheet1__2[[#This Row],[Probation (Months)]]) -> 44830
A61: 677 | B61: Program Office | C61: Senior | D61: Analyst | E61: 45141 | G61: 45147 | H61: 45160 | I61: Yes | J61: 45161 | K61: Decline | L61: 45164 | M61: Declined | N61: 45163 | P61: 0 | T61: C1173 | U61: Candidate_173 | V61: Referral | W61: 3 | X61: 45153 | Y61: 8 | Z61: 3 | AA61: 6 | AB61: 13 | AD61: 2 | AH61: =EDATE(Sheet1__2[[#This Row],[Reporting date ]], Sheet1__2[[#This Row],[Probation (Months)]]) -> 45255
A62: 580 | B62: Program Office | C62: Senior | D62: Analyst | E62: 44909 | F62: 44912 | G62: 44915 | H62: 44944 | I62: Yes | J62: 44922 | K62: Pending | L62: 44926 | M62: Pending | N62: 44923 | P62: 0 | T62: C1179 | U62: Candidate_179 | V62: Referral | W62: 3 | X62: 44904 | Y62: 18 | Z62: 4 | AA62: 6 | AB62: 29 | AD62: 1 | AE62: 3 | AH62: =EDATE(Sheet1__2[[#This Row],[Reporting date ]], Sheet1__2[[#This Row],[Probation (Months)]]) -> 45013
A63: 487 | B63: Program Office | C63: Senior | D63: Analyst | E63: 44930 | F63: 44933 | G63: 44938 | H63: 44956 | I63: Yes | J63: 44951 | K63: Decline | L63: 44956 | M63: Declined | N63: 44954 | P63: 0 | T63: C1184 | U63: Candidate_184 | V63: Job Board | W63: 6 | X63: 45170 | Y63: -219 | Z63: 5 | AA63: 8 | AB63: 18 | AD63: 3 | AE63: 3 | AH63: =EDATE(Sheet1__2[[#This Row],[Reporting date ]], Sheet1__2[[#This Row],[Probation (Months)]]) -> 45135
A64: 389 | B64: Program Office | C64: Senior | D64: Analyst | E64: 44873 | F64: 44876 | G64: 44878 | H64: 44891 | I64: Yes | J64: 44882 | K64: Accepted | L64: 44884 | M64: Accepted | N64: 44883 | O64: 44888 | P64: 1 | Q64: 44891 | R64: 44895 | S64: 44906 | T64: C1186 | U64: Candidate_186 | V64: Job Board | W64: 6 | X64: 44877 | Y64: 5 | Z64: 2 | AA64: 5 | AB64: 13 | AC64: 3 | AD64: 1 | AE64: 3 | AF64: 15 | AG64: 12 | AH64: =EDATE(Sheet1__2[[#This Row],[Reporting date ]], Sheet1__2[[#This Row],[Probation (Months)]]) -> 45064
A65: 317 | B65: Program Office | C65: Senior | D65: Supervisor | E65: 44984 | F65: 44987 | G65: 44991 | H65: 45019 | I65: Yes | J65: 45000 | K65: Decline | L65: 45005 | M65: Declined | N65: 45004 | P65: 0 | T65: C1191 | U65: Candidate_191 | V65: Job Board | W65: 6 | X65: 45172 | Y65: -172 | Z65: 5 | AA65: 7 | AB65: 28 | AD65: 4 | AE65: 3 | AH65: =EDATE(Sheet1__2[[#This Row],[Reporting date ]], Sheet1__2[[#This Row],[Probation (Months)]]) -> 45188
A66: 188 | B66: Program Office | C66: Senior | D66: Supervisor | E66: 44832 | F66: 44833 | G66: 44835 | H66: 44862 | I66: Yes | J66: 44837 | K66: Decline | L66: 44841 | M66: Declined | N66: 44840 | P66: 0 | T66: C1192 | U66: Candidate_192 | V66: Job Board | W66: 6 | X66: 44818 | Y66: 19 | Z66: 4 | AA66: 3 | AB66: 27 | AD66: 3 | AE66: 1 | AH66: =EDATE(Sheet1__2[[#This Row],[Reporting date ]], Sheet1__2[[#This Row],[Probation (Months)]]) -> 45022
A67: 65 | B67: Program Office | C67: Senior | D67: Supervisor | E67: 45167 | F67: 45168 | H67: 45182 | I67: Yes | J67: 45175 | K67: Pending | L67: 45182 | M67: Pending | N67: 45179 | P67: 0 | T67: C1194 | U67: Candidate_194 | V67: Job Board | W67: 6 | X67: 45157 | Y67: 18 | Z67: 7 | AD67: 4 | AE67: 1 | AH67: =EDATE(Sheet1__2[[#This Row],[Reporting date ]], Sheet1__2[[#This Row],[Probation (Months)]]) -> 45361
A68: 5 | B68: Program Office | C68: Senior | D68: Supervisor | E68: 45075 | F68: 45078 | G68: 45083 | H68: 45092 | I68: Yes | J68: 45095 | K68: Decline | L68: 45100 | M68: Declined | N68: 45099 | P68: 0 | T68: C1197 | U68: Candidate_197 | V68: Referral | W68: 6 | X68: 45079 | Y68: 16 | Z68: 5 | AA68: 8 | AB68: 9 | AD68: 4 | AE68: 3 | AH68: =EDATE(Sheet1__2[[#This Row],[Reporting date ]], Sheet1__2[[#This Row],[Probation (Months)]]) -> 45282
A69: 4 | B69: Program Office | C69: Senior | D69: Supervisor | E69: 45075 | F69: 45078 | G69: 45083 | H69: 45100 | I69: Yes | J69: 45092 | K69: Accepted | L69: 45097 | M69: Accepted | N69: 45095 | O69: 45102 | P69: 1 | Q69: 45103 | R69: 45105 | S69: 45118 | T69: C1198 | U69: Candidate_198 | V69: Referral | W69: 6 | X69: 45077 | Y69: 15 | Z69: 5 | AA69: 8 | AB69: 17 | AC69: 1 | AD69: 3 | AE69: 3 | AF69: 15 | AG69: 10 | AH69: =EDATE(Sheet1__2[[#This Row],[Reporting date ]], Sheet1__2[[#This Row],[Probation (Months)]]) -> 45278
A70: 2 | B70: Program Office | C70: Senior | D70: Supervisor | E70: 45080 | F70: 45082 | G70: 45083 | H70: 45107 | I70: Yes | J70: 45093 | K70: Accepted | L70: 45097 | M70: Accepted | N70: 45096 | O70: 45102 | P70: 1 | Q70: 45104 | R70: 45108 | S70: 45122 | T70: C1199 | U70: Candidate_199 | V70: Linkedin | W70: 3 | X70: 45205 | Y70: -112 | Z70: 4 | AA70: 3 | AB70: 24 | AC70: 2 | AD70: 3 | AE70: 2 | AF70: 18 | AG70: 12 | AH70: =EDATE(Sheet1__2[[#This Row],[Reporting date ]], Sheet1__2[[#This Row],[Probation (Months)]]) -> 45188
A71: 2866 | B71: Program Office | C71: Manager Level | D71: Manager | E71: 44849 | F71: 44851 | G71: 44858 | H71: 44928 | I71: Yes | J71: 44861 | K71: Decline | L71: 44866 | M71: Declined | N71: 44865 | P71: 0 | T71: C1201 | U71: Candidate_201 | V71: Linkedin | W71: 6 | X71: 44852 | Y71: 9 | Z71: 5 | AA71: 9 | AB71: 70 | AD71: 4 | AE71: 2 | AH71: =EDATE(Sheet1__2[[#This Row],[Reporting date ]], Sheet1__2[[#This Row],[Probation (Months)]]) -> 45046
A72: 2865 | B72: Program Office | C72: Manager Level | D72: Manager | E72: 44849 | F72: 44850 | G72: 44857 | H72: 44927 | I72: Yes | J72: 44867 | K72: Decline | L72: 44872 | M72: Declined | N72: 44868 | P72: 0 | T72: C1202 | U72: Candidate_202 | V72: Job Board | W72: 3 | X72: 44857 | Y72: 10 | Z72: 5 | AA72: 8 | AB72: 70 | AD72: 1 | AE72: 1 | AH72: =EDATE(Sheet1__2[[#This Row],[Reporting date ]], Sheet1__2[[#This Row],[Probation (Months)]]) -> 44960
A73: 2832 | B73: Program Office | C73: Manager Level | D73: Manager | E73: 44663 | F73: 44664 | H73: 44680 | I73: Yes | J73: 44683 | K73: Decline | L73: 44687 | M73: Declined | N73: 44685 | P73: 0 | T73: C1205 | U73: Candidate_205 | V73: Referral | W73: 6 | X73: 44678 | Y73: 5 | Z73: 4 | AD73: 2 | AE73: 1 | AH73: =EDATE(Sheet1__2[[#This Row],[Reporting date ]], Sheet1__2[[#This Row],[Probation (Months)]]) -> 44869
A74: 2562 | B74: Program Office | C74: Manager Level | D74: Manager | E74: 44887 | F74: 44891 | G74: 44893 | H74: 44898 | I74: Yes | J74: 44903 | K74: Decline | L74: 44911 | M74: Declined | N74: 44907 | P74: 0 | T74: C1208 | U74: Candidate_208 | V74: Job Board | W74: 3 | X74: 44888 | Y74: 15 | Z74: 8 | AA74: 6 | AB74: 5 | AD74: 4 | AE74: 4 | AH74: =EDATE(Sheet1__2[[#This Row],[Reporting date ]], Sheet1__2[[#This Row],[Probation (Months)]]) -> 44997
A75: 2552 | B75: Program Office | C75: Manager Level | D75: Manager | E75: 45142 | F75: 45146 | G75: 45148 | H75: 45161 | I75: Yes | J75: 45158 | K75: Accepted | L75: 45160 | M75: Accepted | N75: 45159 | O75: 45162 | P75: 1 | Q75: 45165 | R75: 45170 | S75: 45184 | T75: C1211 | U75: Candidate_211 | V75: Job Board | W75: 6 | X75: 45141 | Y75: 17 | Z75: 2 | AA75: 6 | AB75: 13 | AC75: 3 | AD75: 1 | AE75: 4 | AF75: 19 | AG75: 11 | AH75: =EDATE(Sheet1__2[[#This Row],[Reporting date ]], Sheet1__2[[#This Row],[Probation (Months)]]) -> 45343
A76: 2511 | B76: Program Office | C76: Manager Level | D76: Manager | E76: 45174 | F76: 45175 | G76: 45177 | H76: 45195 | I76: Yes | J76: 45182 | K76: Decline | L76: 45184 | M76: Declined | N76: 45183 | P76: 0 | T76: C1212 | U76: Candidate_212 | V76: Job Board | W76: 6 | X76: 45164 | Y76: 18 | Z76: 2 | AA76: 3 | AB76: 18 | AD76: 1 | AE76: 1 | AH76: =EDATE(Sheet1__2[[#This Row],[Reporting date ]], Sheet1__2[[#This Row],[Probation (Months)]]) -> 45365
A77: 2460 | B77: Program Office | C77: Manager Level | D77: Manager | E77: 45163 | G77: 45167 | H77: 45177 | I77: Yes | J77: 45183 | K77: Decline | L77: 45187 | M77: Declined | N77: 45186 | P77: 0 | T77: C1213 | U77: Candidate_213 | V77: Linkedin | W77: 3 | X77: 45176 | Y77: 7 | Z77: 4 | AA77: 4 | AB77: 10 | AD77: 3 | AH77: =EDATE(Sheet1__2[[#This Row],[Reporting date ]], Sheet1__2[[#This Row],[Probation (Months)]]) -> 45277
A78: 2244 | B78: Program Office | C78: Manager Level | D78: Cordination Manager | E78: 44924 | F78: 44925 | G78: 44929 | H78: 44952 | I78: Yes | J78: 44941 | K78: Accepted | L78: 44949 | M78: Accepted | N78: 44945 | O78: 44946 | P78: 1 | Q78: 44950 | R78: 44954 | S78: 44962 | T78: C1222 | U78: Candidate_222 | V78: Linkedin | W78: 3 | X78: 44925 | Y78: 16 | Z78: 8 | AA78: 5 | AB78: 23 | AC78: 4 | AD78: 4 | AE78: 1 | AF78: 12 | AG78: 9 | AH78: =EDATE(Sheet1__2[[#This Row],[Reporting date ]], Sheet1__2[[#This Row],[Probation (Months)]]) -> 45035
A79: 2170 | B79: Program Office | C79: Manager Level | D79: Cordination Manager | E79: 44796 | G79: 44802 | H79: 44821 | I79: Yes | J79: 44815 | K79: Pending | L79: 44821 | M79: Pending | N79: 44817 | P79: 0 | T79: C1226 | U79: Candidate_226 | V79: Job Board | W79: 3 | X79: 44802 | Y79: 13 | Z79: 6 | AA79: 6 | AB79: 19 | AD79: 2 | AH79: =EDATE(Sheet1__2[[#This Row],[Reporting date ]], Sheet1__2[[#This Row],[Probation (Months)]]) -> 44908
A80: 2162 | B80: Program Office | C80: Manager Level | D80: Cordination Manager | E80: 44796 | F80: 44798 | H80: 44832 | I80: Yes | J80: 44805 | K80: Decline | L80: 44813 | M80: Declined | N80: 44809 | P80: 0 | T80: C1228 | U80: Candidate_228 | V80: Linkedin | W80: 6 | X80: 44798 | Y80: 7 | Z80: 8 | AD80: 4 | AE80: 2 | AH80: =EDATE(Sheet1__2[[#This Row],[Reporting date ]], Sheet1__2[[#This Row],[Probation (Months)]]) -> 44990
A81: 2123 | B81: Program Office | C81: Manager Level | D81: Cordination Manager | E81: 44929 | F81: 44931 | G81: 44935 | H81: 44949 | I81: Yes | J81: 44938 | K81: Decline | L81: 44945 | M81: Declined | N81: 44941 | P81: 0 | T81: C1230 | U81: Candidate_230 | V81: Job Board | W81: 3 | X81: 44926 | Y81: 12 | Z81: 7 | AA81: 6 | AB81: 14 | AD81: 3 | AE81: 2 | AH81: =EDATE(Sheet1__2[[#This Row],[Reporting date ]], Sheet1__2[[#This Row],[Probation (Months)]]) -> 45031
A82: 2009 | B82: Program Office | C82: Manager Level | D82: Cordination Manager | E82: 44748 | F82: 44750 | H82: 44769 | I82: Yes | J82: 44769 | K82: Decline | L82: 44775 | M82: Declined | N82: 44772 | P82: 0 | T82: C1235 | U82: Candidate_235 | V82: Linkedin | W82: 3 | X82: 44763 | Y82: 6 | Z82: 6 | AD82: 3 | AE82: 2 | AH82: =EDATE(Sheet1__2[[#This Row],[Reporting date ]], Sheet1__2[[#This Row],[Probation (Months)]]) -> 44864
A83: 2007 | B83: Program Office | C83: Manager Level | D83: Cordination Manager | E83: 44749 | F83: 44750 | G83: 44755 | H83: 44770 | I83: Yes | J83: 44764 | K83: Accepted | L83: 44769 | M83: Accepted | N83: 44765 | O83: 44774 | P83: 1 | Q83: 44778 | R83: 44782 | S83: 44802 | T83: C1236 | U83: Candidate_236 | V83: Job Board | W83: 3 | X83: 44745 | Y83: 19 | Z83: 5 | AA83: 6 | AB83: 15 | AC83: 4 | AD83: 1 | AE83: 1 | AF83: 24 | AG83: 17 | AH83: =EDATE(Sheet1__2[[#This Row],[Reporting date ]], Sheet1__2[[#This Row],[Probation (Months)]]) -> 44857
A84: 1856 | B84: Program Office | C84: Manager Level | D84: Cordination Manager | E84: 44878 | F84: 44881 | G84: 44882 | H84: 44900 | I84: Yes | J84: 44896 | K84: Accepted | L84: 44900 | M84: Accepted | N84: 44898 | O84: 44903 | P84: 1 | Q84: 44907 | R84: 44911 | S84: 44918 | T84: C1242 | U84: Candidate_242 | V84: Referral | W84: 6 | X84: 44887 | Y84: 9 | Z84: 4 | AA84: 4 | AB84: 18 | AC84: 4 | AD84: 2 | AE84: 3 | AF84: 11 | AG84: 13 | AH84: =EDATE(Sheet1__2[[#This Row],[Reporting date ]], Sheet1__2[[#This Row],[Probation (Months)]]) -> 45080
A85: 1812 | B85: Program Office | C85: Manager Level | D85: Cordination Manager | E85: 44822 | G85: 44829 | H85: 44839 | I85: Yes | J85: 44838 | K85: Pending | L85: 44840 | M85: Pending | N85: 44839 | P85: 0 | T85: C1243 | U85: Candidate_243 | V85: Job Board | W85: 6 | X85: 44827 | Y85: 11 | Z85: 2 | AA85: 7 | AB85: 10 | AD85: 1 | AH85: =EDATE(Sheet1__2[[#This Row],[Reporting date ]], Sheet1__2[[#This Row],[Probation (Months)]]) -> 45021
A86: 1802 | B86: Program Office | C86: Manager Level | D86: Cordination Manager | E86: 45125 | F86: 45126 | G86: 45127 | H86: 45147 | I86: Yes | J86: 45131 | K86: Accepted | L86: 45137 | M86: Accepted | N86: 45135 | O86: 45136 | P86: 1 | Q86: 45139 | R86: 45143 | S86: 45155 | T86: C1246 | U86: Candidate_246 | V86: Job Board | W86: 6 | X86: 45115 | Y86: 16 | Z86: 6 | AA86: 2 | AB86: 20 | AC86: 3 | AD86: 4 | AE86: 1 | AF86: 16 | AG86: 8 | AH86: =EDATE(Sheet1__2[[#This Row],[Reporting date ]], Sheet1__2[[#This Row],[Probation (Months)]]) -> 45319
A87: 1666 | B87: Program Office | C87: Manager Level | D87: Cordination Manager | E87: 44673 | F87: 44677 | G87: 44678 | H87: 44701 | I87: Yes | J87: 44696 | K87: Decline | L87: 44701 | M87: Declined | N87: 44699 | P87: 0 | T87: C1251 | U87: Candidate_251 | V87: Linkedin | W87: 6 | X87: 44684 | Y87: 12 | Z87: 5 | AA87: 5 | AB87: 23 | AD87: 3 | AE87: 4 | AH87: =EDATE(Sheet1__2[[#This Row],[Reporting date ]], Sheet1__2[[#This Row],[Probation (Months)]]) -> 44883
A88: 1447 | B88: Program Office | C88: Manager Level | D88: Cordination Manager | E88: 45014 | G88: 45019 | H88: 45045 | I88: Yes | J88: 45032 | K88: Accepted | L88: 45039 | M88: Accepted | N88: 45036 | O88: 45038 | P88: 1 | Q88: 45039 | R88: 45044 | S88: 45061 | T88: C1254 | U88: Candidate_254 | V88: Referral | W88: 6 | X88: 45014 | Y88: 18 | Z88: 7 | AA88: 5 | AB88: 26 | AC88: 1 | AD88: 4 | AF88: 22 | AG88: 8 | AH88: =EDATE(Sheet1__2[[#This Row],[Reporting date ]], Sheet1__2[[#This Row],[Probation (Months)]]) -> 45219
A89: 1154 | B89: Program Office | C89: Manager Level | D89: Cordination Manager | E89: 44638 | G89: 44644 | H89: 44672 | I89: Yes | J89: 44653 | K89: Decline | L89: 44661 | M89: Declined | N89: 44657 | P89: 0 | T89: C1264 | U89: Candidate_264 | V89: Job Board | W89: 3 | X89: 44639 | Y89: 14 | Z89: 8 | AA89: 6 | AB89: 28 | AD89: 4 | AH89: =EDATE(Sheet1__2[[#This Row],[Reporting date ]], Sheet1__2[[#This Row],[Probation (Months)]]) -> 44748
A90: 1152 | B90: Program Office | C90: Manager Level | D90: Cordination Manager | E90: 44635 | F90: 44638 | G90: 44644 | H90: 44661 | I90: Yes | J90: 44658 | K90: Pending | L90: 44665 | M90: Pending | N90: 44662 | P90: 0 | T90: C1265 | U90: Candidate_265 | V90: Linkedin | W90: 3 | X90: 44639 | Y90: 19 | Z90: 7 | AA90: 9 | AB90: 17 | AD90: 4 | AE90: 3 | AH90: =EDATE(Sheet1__2[[#This Row],[Reporting date ]], Sheet1__2[[#This Row],[Probation (Months)]]) -> 44753
A91: 1151 | B91: Program Office | C91: Manager Level | D91: Cordination Manager | E91: 44637 | F91: 44641 | G91: 44644 | H91: 44666 | I91: Yes | J91: 44659 | K91: Decline | L91: 44664 | M91: Declined | N91: 44663 | P91: 0 | T91: C1266 | U91: Candidate_266 | V91: Linkedin | W91: 6 | X91: 44652 | Y91: 7 | Z91: 5 | AA91: 7 | AB91: 22 | AD91: 4 | AE91: 4 | AH91: =EDATE(Sheet1__2[[#This Row],[Reporting date ]], Sheet1__2[[#This Row],[Probation (Months)]]) -> 44846
A92: 1000 | B92: Program Office | C92: Manager Level | D92: Cordination Manager | E92: 45015 | F92: 45018 | G92: 45020 | H92: 45048 | I92: Yes | J92: 45033 | K92: Decline | L92: 45039 | M92: Declined | N92: 45037 | P92: 0 | T92: C1267 | U92: Candidate_267 | V92: Referral | W92: 3 | X92: 45014 | Y92: 19 | Z92: 6 | AA92: 5 | AB92: 28 | AD92: 4 | AE92: 3 | AH92: =EDATE(Sheet1__2[[#This Row],[Reporting date ]], Sheet1__2[[#This Row],[Probation (Months)]]) -> 45128
A93: 991 | B93: Program Office | C93: Manager Level | D93: Cordination Manager | E93: 45010 | F93: 45014 | G93: 45020 | H93: 45026 | I93: Yes | J93: 45031 | K93: Accepted | L93: 45034 | M93: Accepted | N93: 45033 | O93: 45040 | P93: 1 | Q93: 45042 | R93: 45045 | S93: 45060 | T93: C1269 | U93: Candidate_269 | V93: Linkedin | W93: 6 | X93: 45026 | Y93: 5 | Z93: 3 | AA93: 10 | AB93: 6 | AC93: 2 | AD93: 2 | AE93: 4 | AF93: 18 | AG93: 12 | AH93: =EDATE(Sheet1__2[[#This Row],[Reporting date ]], Sheet1__2[[#This Row],[Probation (Months)]]) -> 45216
A94: 957 | B94: Program Office | C94: Manager Level | D94: Cordination Manager | E94: 45141 | F94: 45142 | G94: 45147 | H94: 45161 | I94: Yes | J94: 45161 | K94: Accepted | L94: 45168 | M94: Accepted | N94: 45164 | O94: 45170 | P94: 1 | Q94: 45174 | R94: 45178 | S94: 45190 | T94: C1270 | U94: Candidate_270 | V94: Referral | W94: 3 | X94: 45148 | Y94: 13 | Z94: 7 | AA94: 6 | AB94: 14 | AC94: 4 | AD94: 3 | AE94: 1 | AF94: 16 | AG94: 14 | AH94: =EDATE(Sheet1__2[[#This Row],[Reporting date ]], Sheet1__2[[#This Row],[Probation (Months)]]) -> 45256
A95: 838 | B95: Program Office | C95: Manager Level | D95: Cordination Manager | E95: 44753 | F95: 44754 | G95: 44760 | H95: 44777 | I95: Yes | J95: 44778 | K95: Decline | L95: 44782 | M95: Declined | N95: 44780 | P95: 0 | T95: C1276 | U95: Candidate_276 | V95: Job Board | W95: 6 | X95: 44759 | Y95: 19 | Z95: 4 | AA95: 7 | AB95: 17 | AD95: 2 | AE95: 1 | AH95: =EDATE(Sheet1__2[[#This Row],[Reporting date ]], Sheet1__2[[#This Row],[Probation (Months)]]) -> 44964
A96: 829 | B96: Program Office | C96: Manager Level | D96: Cordination Manager | E96: 44624 | F96: 44626 | G96: 44631 | H96: 44643 | I96: Yes | J96: 44647 | K96: Accepted | L96: 44651 | M96: Accepted | N96: 44649 | O96: 44654 | P96: 1 | Q96: 44657 | R96: 44662 | S96: 44675 | T96: C1278 | U96: Candidate_278 | V96: Job Board | W96: 6 | X96: 44637 | Y96: 10 | Z96: 4 | AA96: 7 | AB96: 12 | AC96: 3 | AD96: 2 | AE96: 2 | AF96: 18 | AG96: 13 | AH96: =EDATE(Sheet1__2[[#This Row],[Reporting date ]], Sheet1__2[[#This Row],[Probation (Months)]]) -> 44833
A97: 828 | B97: Program Office | C97: Manager Level | D97: Cordination Manager | E97: 44626 | F97: 44629 | G97: 44631 | H97: 44649 | I97: Yes | J97: 44640 | K97: Pending | L97: 44644 | M97: Pending | N97: 44641 | P97: 0 | T97: C1279 | U97: Candidate_279 | V97: Job Board | W97: 6 | X97: 44837 | Y97: -197 | Z97: 4 | AA97: 5 | AB97: 18 | AD97: 1 | AE97: 3 | AH97: =EDATE(Sheet1__2[[#This Row],[Reporting date ]], Sheet1__2[[#This Row],[Probation (Months)]]) -> 44825
A98: 826 | B98: Program Office | C98: Manager Level | D98: Cordination Manager | E98: 44626 | F98: 44629 | G98: 44631 | H98: 44661 | I98: Yes | J98: 44646 | K98: Accepted | L98: 44651 | M98: Accepted | N98: 44650 | O98: 44654 | P98: 1 | Q98: 44655 | R98: 44660 | S98: 44671 | T98: C1280 | U98: Candidate_280 | V98: Linkedin | W98: 3 | X98: 44641 | Y98: 5 | Z98: 5 | AA98: 5 | AB98: 30 | AC98: 1 | AD98: 4 | AE98: 3 | AF98: 16 | AG98: 10 | AH98: =EDATE(Sheet1__2[[#This Row],[Reporting date ]], Sheet1__2[[#This Row],[Probation (Months)]]) -> 44742
A99: 769 | B99: Program Office | C99: Manager Level | D99: Cordination Manager | E99: 44726 | F99: 44729 | G99: 44733 | H99: 44751 | I99: Yes | J99: 44746 | K99: Pending | L99: 44748 | M99: Pending | N99: 44747 | P99: 0 | T99: C1282 | U99: Candidate_282 | V99: Referral | W99: 3 | X99: 44740 | Y99: 6 | Z99: 2 | AA99: 7 | AB99: 18 | AD99: 1 | AE99: 3 | AH99: =EDATE(Sheet1__2[[#This Row],[Reporting date ]], Sheet1__2[[#This Row],[Probation (Months)]]) -> 44839
A100: 721 | B100: Program Office | C100: Manager Level | D100: Cordination Manager | E100: 44603 | F100: 44607 | G100: 44612 | H100: 44634 | I100: Yes | J100: 44619 | K100: Pending | L100: 44624 | M100: Pending | N100: 44620 | P100: 0 | T100: C1289 | U100: Candidate_289 | V100: Linkedin | W100: 6 | X100: 44601 | Y100: 18 | Z100: 5 | AA100: 9 | AB100: 22 | AD100: 1 | AE100: 4 | AH100: =EDATE(Sheet1__2[[#This Row],[Reporting date ]], Sheet1__2[[#This Row],[Probation (Months)]]) -> 44801
...

Sheet Dashboard

Sheet Bottlenecks or Delays in hiring
A1: STAGE OF RECRUITMENT | B1: AVERAGE DAYS
A2: Position Open Days | B2: =AVERAGE(Recruitment!AB4) -> 23
A3: Time to Close Employee File | B3: =AVERAGE(Recruitment!AF8) -> 20
A4: Time from Inclusion to Benefits | B4: =AVERAGE(Recruitment!AG8) -> 13
A5: Time from Application to Interview | B5: =AVERAGE(Sheet1__2[[#This Row],[Time between Application and Interview]]) -> 18
A6: Time to Publish Advert | B6: =AVERAGE(Recruitment!AA8) -> 9
A7: Days Taken Before Hiring | B7: =AVERAGE(Recruitment!Z8) -> 6
A8: Time to Approve Requisition | B8: =AVERAGE(Recruitment!AE8) -> 4
A9: Time Between Interview and Candidate Reporting | B9: =AVERAGE(Recruitment!AD8) -> 3
A10: Time Between File Opening and Onboarding | B10: =AVERAGE(Recruitment!AC8) -> 2
A12: HIGHEST DELAY IN HIRING IS THE DAYS A POSITION IS OPEN AND RECRUITMENT TEAM SHOULD FOCUS ON REDUCING THE DAYS A POSITION IS OPEN

Sheet Volume of Applications
A3: Row Labels | B3: Count of Candidate ID
A4: 2021 | B4: 1
A5: 2022 | B5: 220
A6: 2023 | B6: 142
A7: Grand Total | B7: 363

Sheet Candidate Source
A3: Row Labels | B3: Count of Candidate ID
A4: Job Board | B4: 273
A5: Linkedin | B5: 286
A6: Referral | B6: 253
A7: Grand Total | B7: 812

Sheet Dpt Hiring Performance
A3: Row Labels | B3: Sum of Hired
A4: Administation | B4: 11
A5: Capacity Building | B5: 63
A6: Communication and Advocacy | B6: 31
A7: Finance | B7: 85
A8: Fundraising | B8: 5
A9: HR | B9: 8
A10: IT | B10: 5
A11: M and E | B11: 42
A12: Operations | B12: 13
A13: Program Office | B13: 77
A14: Risk Management | B14: 6
A15: Grand Total | B15: 346

Sheet Applications Projection
A3: Count of Candidate ID | B3: Column Labels
A4: Row Labels | B4: 2022 | C4: Grand Total
A5: Jan | B5: 37 | C5: 37
A6: Feb | B6: 39 | C6: 39
A7: Mar | B7: 43 | C7: 43
A8: Apr | B8: 42 | C8: 42
A9: May | B9: 27 | C9: 27
A10: Jun | B10: 49 | C10: 49
A11: Jul | B11: 50 | C11: 50
A12: Aug | B12: 36 | C12: 36
A13: Sep | B13: 32 | C13: 32
A14: Oct | B14: 45 | C14: 45
A15: Nov | B15: 38 | C15: 38
A16: Dec | B16: 41 | C16: 41
A17: Grand Total | B17: 479 | C17: 479

Sheet Hiring Status
A3: Row Labels | B3: Count of Candidate ID
A4: Accepted | B4: 346
A5: Decline | B5: 363
A6: Pending | B6: 103
A7: Grand Total | B7: 812

Sheet Offer Status
A3: Row Labels | B3: Count of Candidate ID
A4: Accepted | B4: 346
A5: Declined | B5: 363
A6: Pending | B6: 103
A7: Grand Total | B7: 812
